Id_ANAS,Regione,Codice_Strada,Nome_Strada,Cup,Descrizione,Tipo_Lavoro,Impresa,Importo_Principale,Importo_Totale,Data_Consegna_Impresa,Avanzamento_Lavori,Data_Ultimazione_Prevista,Dal_Km,Al_Km,Strade_Segmentos,Coordinate,Nome_Ufficiale_Progetto,Anno_Decisione,Provincia_CUP,Municipi_Coinvolti,Tipologia,Settore,Sottosettore,Categoria_Settore,Cup_Padre,Progetti_Collegati_CUP
30756,Basilicata,SS658,SS 658 POTENZA - MELFI,F81B09001160001,S.S. 658 Nuovo itinerario Potenza-Melfi - Lavori di messa in sicurezza del tracciato stradale in tratti saltuari tra il km 0+000 ed il km 48+131. 1° Stralcio B2,Lavori per nuove costruzioni.,CONPAT SCARL,11524366.27,15844770.06,27-04-2022,"58,95",2026-10-16,0.000,48.131,SS658 0.000–48.131; SS658 0.000–48.131,"40.781422, 15.779610",,,,,,,,,,
26631,Basilicata,RA05,R.A. 5 RACCORDO AUTOSTRADALE SCALO SICIGNANO - POTENZA,F47H20004120006,"3° Lotto - Stralci AA+AB+AC -  Interventi di risanamento locale delle strutture dei viadotti dal km 5+103 al km 11+500, del viadotto ""Chialandreia"" dal km 11+918 al Km 13+214 e del viadotto ""San Nicola"" dal km 13+603 al Km 13+786 del R.A. n. 05 ""Scalo Sicignano - Potenza"" (Corridoio stradale Salerno - Potenza - Bari con estensione direttrice Basentana:  R.A. n. 05 e S.S. n. 407 - Lavori di riqualificazione dell'itinerario  2° Stralcio)",Lavori di manutenzione programmata.,CONSORZIO STABILE OLIMPIA,9949404.17,11014245.09,20-03-2025,"34,01",2027-03-19,5.103,13.786,RA05 5.103–13.786,"40.616940, 15.393290",,,,,,,,,,
27881,Basilicata,RA05,R.A. 5 RACCORDO AUTOSTRADALE SCALO SICIGNANO - POTENZA,F87H19001300001,6° lotto: R.A. 05 - Miglioramento delle condizioni di transitabilità e riparazioni locali delle opere dal km 23+038 al km 23+988  dir. SA - Viadotto PIETRASTRETTA dir. SA - km 23+038 (Corridoio stradale Salerno-Potenza-Bari con estensione direttrice Basentana: R.A. 05 e SS 407 Lavori di riqualificazione dell'itinerario - 1° stralcio),Lavori di manutenzione programmata.,RTI - CONPAT SCARL+TODI COSTR.GENER,19192499.66,20312840.98,05-10-2023,"7,35",2026-04-27,23.038,23.998,RA05 23.038–23.998,"40.618629, 15.551756",,,,,,,,,,
45406,Basilicata,RA05,R.A. 5 RACCORDO AUTOSTRADALE SCALO SICIGNANO - POTENZA,F87H20002390001,"R.A. n. 05  - Interventi di adeguamento al DLGs 264/06 degli impianti e delle opere civili della galleria ""Del Marmo"".",Lavori di manutenzione programmata.,RTI FADEP SRL - ESIN SRL,17824570.72,19785798.67,28-11-2022,"54,86",2027-05-31,25.816,26.369,RA05 25.816–26.369,"40.619694, 15.579738",,,,,,,,,,
27679,Basilicata,SS407,SS 407 BASENTANA,F77H20004960006,1° lotto - Stralcio E Tronchi 1+2 -  SS 407  - Lavori di riqualificazione della piattaforma stradale sulla tratta compresa tra i km 76+400 e 88+400 - Stralci E1-E2 - 1° INTERVENTO (Corridoio stradale Salerno-Potenza-Bari con estensione direttrice Basentana: R.A. 05 e SS 407 Lavori di riqualificazione dell'itinerario - 2° stralcio),Lavori di manutenzione programmata.,RTI ECOIN S.P.A. - ALEANDRI S.P.A.,10236484.97,10933124.66,11-10-2023,"96,95",2026-09-30,76.400,88.400,SS407 76.400–88.400,"40.414143, 16.588966",,,,,,,,,,
49247,Puglia,SS613,SS 613 BRINDISI - LECCE,F61B16000670001,Riqualificazione dell'Itinerario Bari Brindisi Lecce - Lotto 5 Stralcio II,Lavori per nuove costruzioni.,RTI CO.EDI.SAL. - LASER - LEADRI - CO.CE.MER. - PAL STRADE - SUD SEGNA,16354322.58,20814195.53,11-11-2021,"64,31",2026-12-30,0.000,34.099,SS613 0.000–34.099,"40.486500, 18.040707",,,,,,,,,,
50889,Puglia,SS613,SS 613 BRINDISI - LECCE,F37H16002390001,Riqualificazione dell'Itinerario Bari Brindisi Lecce - Lotto 5 Stralcio I,Lavori per nuove costruzioni.,RTI CO.EDI.SAL. - LASER - LEADRI - CO.CE.MER. - PAL STRADE - SUD SEGNA,12500484.26,27837222.85,29-07-2022,"52,71",2026-12-30,16.400,34.099,SS613 16.400–34.099,"40.438801, 18.039000",,,,,,,,,,
49202,Puglia,SS16,SS 16 ADRIATICA,F87H16002780001,Riqualificazione dell'Itinerario Bari Brindisi Lecce - Lotto 2 Stralcio II,Lavori per nuove costruzioni.,ATI ALEANDRI SPA - CIMOLAI SPA - F.LLI DE BELLIS S.R.L.,26857182.44,36789881.81,11-07-2022,"27,34",2027-08-30,836.175,848.475,SS16 836.175–848.475,"40.954735, 17.260284",,,,,,,,,,
49200,Puglia,SS16,SS 16 ADRIATICA,F97H16001630001,Riqualificazione dell'Itinerario Bari Brindisi Lecce - Lotto 1 Stralcio II,Lavori per nuove costruzioni.,VALORI S.C.A R.L. - CONSORZIO STABI IN SIGLA VALORI - S.C. A R. L.,28466166.84,34251701.1,25-07-2022,"43,79",2027-05-21,806.700,827.500,SS16 806.700–827.500,"41.079609, 17.034523",,,,,,,,,,
50889,Puglia,SS16,SS 16 ADRIATICA,F37H16002390001,Riqualificazione dell'Itinerario Bari Brindisi Lecce - Lotto 5 Stralcio I,Lavori per nuove costruzioni.,RTI CO.EDI.SAL. - LASER - LEADRI - CO.CE.MER. - PAL STRADE - SUD SEGNA,12500484.26,27837222.85,29-07-2022,"52,71",2026-12-30,917.450,948.520,SS16 917.450–948.520,"40.438801, 18.039000",,,,,,,,,,
67593,Puglia,SS16,SS 16 ADRIATICA,F36G09000140001,"S.S. 16 “ADRIATICA” TRONCO BARLETTA - BARI Lavori di completamento delle aste di collegamento tra la S.S. 16 ""Adriatica” e la litoranea (ex SS 16) a nord ed a sud di Molfetta ed a sud di Giovinazzo lungo il tratto tra il km 774+200 ed il km 785+600 Sistemazione funzionale Rotatoria e assi viari di collegamento tra il nuovo porto commerciale e le zone produttive e la S.S.16 bis (Priorità n.3 C.S.LL.PP.)",Lavori per nuove costruzioni.,RTI PAVING - SCEAP - GARDAUNIA GTL SEGNALETICA,7942621.45,11641898.95,27-05-2026,,2028-02-29,774.200,785.600,SS16 774.200–785.600,"41.187634, 16.622858",,,,,,,,,,
30444,Molise,SS17,SS 17 DELL`APPENNINO ABRUZZESE ED APPULO SANNITICO,F91B16000560001,"S.S. 17 ""dell'Appennino Abruzzese ed Appulo-Sannitico"" - Lavori di realizzazione del ""Lotto 0"" di collegamento tra il bivio di Pesche (IS) al km 181+500 della S.S. 17 ed il ""Lotto 1"" della S.S.V. ""Isernia-Castel di Sangro""",Lavori per nuove costruzioni.,VIANINI LAVORI SPA,137093776.15,151268112.61,12-12-2023,"30,86",2027-07-12,181.000,182.000,SS17 181.000–182.000,"41.595715, 14.276134",,,,,,,,,,
28486,Campania,SS212,SS 212 DELLA VAL FORTORE,F11B16000850001,SS 212 DELLA VAL FORTORE Lavori di completamento alla statale dallo svincolo di S. Marco dei Cavoti a S. Bartolomeo in Galdo. 1° lotto Variante di S. Marco dei Cavoti (Fortorina). 1° e 3° Stralcio,Lavori per nuove costruzioni.,CIEFFE LAVORI S.R.L.,22844343.65,29590806.99,07-07-2025,"20,24",2027-06-16,0.000,0.000,SS212 0.000–0.000,"41.148487, 14.774089",,,,,,,,,,
